step,epoch,objective_value,coherence_term,separation_term,grad_norm,timestamp,elapsed_time
0,10,-62.673164749145506,19.458336734771727,646.1899658203125,22.333478927612305,2025-03-09 17:47:59,1.610424518585205
1,10,-50.93617973327637,24.703479194641112,534.0652770996094,20.526939392089844,2025-03-09 17:48:00,2.3694400787353516
2,10,-40.46708869934082,39.2098949432373,443.8807678222656,19.140357971191406,2025-03-09 17:48:00,3.105534315109253
3,10,-31.442585945129395,53.65328483581543,368.0791412353516,18.544023513793945,2025-03-09 17:48:01,3.871626615524292
4,10,-24.47242889404297,60.5288803100586,305.2531677246094,18.177974700927734,2025-03-09 17:48:02,4.63985276222229
5,10,-17.841225814819335,72.82558975219726,251.23784332275392,18.23970603942871,2025-03-09 17:48:03,5.451317310333252
6,10,-12.578687286376953,79.14766540527344,204.93453369140624,18.41769790649414,2025-03-09 17:48:04,6.226917505264282
7,10,-8.316430759429931,82.3753547668457,165.53966064453124,18.601364135742188,2025-03-09 17:48:04,7.0266242027282715
8,10,-4.763743495941162,84.33932418823242,131.97676010131835,18.995250701904297,2025-03-09 17:48:05,8.128110408782959
9,10,-1.6370676040649415,87.1399429321289,103.51061782836913,18.967315673828125,2025-03-09 17:48:07,9.267881393432617
10,10,0.9684257984161377,89.88534317016601,80.20108489990234,19.14399528503418,2025-03-09 17:48:08,10.313427686691284
